epochs,rewards
0,4.870960696966986
1,4.871904227597479
2,4.764055896227559
