epochs,rewards
0,0.9835008960000801
1,1.00113331600014
2,1.1434743280001358
3,1.2660097680000981
4,1.2992656940001046
5,1.2800362420000289
6,1.2730642680000903
7,1.3636406140000856
8,1.3928632940000707
9,1.4885590020000095
