epochs,rewards
0,7.100174624705913
1,12.320165516022463
2,14.216934133106207
3,14.113629822921903
4,13.216819579246476
5,13.694505187351636
6,12.570402335195151
7,12.266284193943843
8,12.792532135134373
9,12.074651640702537
