,roi,returns
0,-24.303200590000007,7569.679940999999
1,-24.744900569999995,7525.509943
2,-6.834900569999991,9316.509943000001
3,-24.46050020999998,7553.949979000002
4,-4.837500609999967,9516.249939000003
5,-24.269501309999974,7573.049869000002
6,-10.454301239999953,8954.569876000005
7,-23.94540095999995,7605.459904000005
