epochs,rewards
0,-21.99299969999997
1,-22.022399820000004
2,-22.30769945000001
3,-22.445999390000004
4,-22.280998370000027
