epochs,rewards
0,-3.2864805706501965
1,1.8318638794874387
2,3.7061220251120464
