epochs,rewards
0,0.9657118062398329
1,2.955039390344183
2,12.733046475401967
