epochs,rewards
0,43.69942364025236
1,49.18036715752753
2,51.930043118833936
