epochs,rewards
0,0.2728637140000423
1,0.29351292000005635
2,0.3065069200000936
3,0.3254859780000441
4,0.3564591860000954
5,0.3748563400000915
6,0.39905293600005276
7,0.4078988620000512
8,0.42468789800007567
9,0.4487577820000421
