epochs,rewards
0,-0.056810716000024186
1,-0.052931028000062774
2,-0.013850780000075336
3,0.022032931999931282
4,0.0466014039999596
5,0.08765001399998695
6,0.09934141799999852
7,0.11988769799998078
8,0.12544895799998956
9,0.1362384019999907
